DateRange,Link,count,count_values,latest_date,checked,unique,SortingValue,Followed
"{'type': 'datetimerange', 'end_date': '2021-12-21', 'end_time': '23:43', 'time_zone': 'Australia/Sydney', 'start_date': '2021-10-05', 'start_time': '11:34'}","['https://b23.tv/2g1iRdL', [['a', 'https://b23.tv/2g1iRdL']]]",['狮林 - 法院对狮林起诉四位当事人立案 - B动态'],"['5C3BE2A2-7B52-41C2-9A39-13A1E06AFD3A.jpeg', [['a', 'https://s3-us-west-2.amazonaws.com/secure.notion-static.com/55414c42-8c70-4b75-aa57-9cb5489f5cec/5C3BE2A2-7B52-41C2-9A39-13A1E06AFD3A.jpeg']]]","{'type': 'datetime', 'time_zone': 'Australia/Sydney', 'start_date': '2021-12-21', 'start_time': '12:09'}",['Yes'],['狮子'],,
"{'type': 'datetimerange', 'end_date': '2021-10-10', 'end_time': '18:45', 'time_zone': 'Australia/Sydney', 'start_date': '2021-10-05', 'start_time': '11:34'}","['https://www.bilibili.com/read/cv13526089', [['a', 'https://www.bilibili.com/read/cv13526089']]]",['逻格斯律师 - B动态 - 时间线梳理'],"['IMG_4057.JPG', [['a', 'https://s3-us-west-2.amazonaws.com/secure.notion-static.com/e74fe330-4976-4ec0-a1cf-9fdbcb79bafa/IMG_4057.jpg']]]","{'type': 'datetime', 'time_zone': 'Australia/Sydney', 'start_date': '2021-10-10', 'start_time': '18:45'}",['Yes'],['熊卡代理律师'],,
"{'type': 'datetimerange', 'end_date': '2021-10-07', 'end_time': '03:10', 'time_zone': 'Australia/Sydney', 'start_date': '2021-10-05', 'start_time': '11:34'}",['N/A - QQ群'],['小仙若 - QQ群'],"['小仙若QQ.jpg', [['a', 'https://s3-us-west-2.amazonaws.com/secure.notion-static.com/d4e940ee-a95f-496b-bee8-3aeb0dbcf09e/小仙若QQ.jpg']]]","{'type': 'datetime', 'time_zone': 'Australia/Sydney', 'start_date': '2021-10-07', 'start_time': '03:10'}",,['小仙若'],,
"{'type': 'datetimerange', 'end_date': '2021-11-13', 'end_time': '12:00', 'time_zone': 'Australia/Sydney', 'start_date': '2021-10-05', 'start_time': '11:34'}","['https://www.bilibili.com/video/BV1SL4y1v7wQ', [['a', 'https://www.bilibili.com/video/BV1SL4y1v7wQ']]]",['桌老师 - 更新桌游星期六'],"['星期六.png', [['a', 'https://s3-us-west-2.amazonaws.com/secure.notion-static.com/9714a400-4a1d-4050-8b12-5c3c04e170f1/星期六.png']]]","{'type': 'datetime', 'time_zone': 'Australia/Sydney', 'start_date': '2021-11-13', 'start_time': '12:00'}",['Yes'],['狮子'],,
"{'type': 'datetimerange', 'end_date': '2021-10-07', 'end_time': '20:30', 'time_zone': 'Australia/Sydney', 'start_date': '2021-10-05', 'start_time': '11:34'}","['https://weibo.com/1949363833/KBF73eUBR?from=page_1005051949363833_profile&wvr=6&mod=weibotime&type=comment', [['a', 'https://weibo.com/1949363833/KBF73eUBR?from=page_1005051949363833_profile&wvr=6&mod=weibotime&type=comment']]]",['Peter - 微博'],"['peter-1.png', [['a', 'https://s3-us-west-2.amazonaws.com/secure.notion-static.com/9752feb8-6b03-4cd8-bed4-1c899b47167b/peter-1.png']]]","{'type': 'datetime', 'time_zone': 'Australia/Sydney', 'start_date': '2021-10-07', 'start_time': '20:30'}",['Yes'],['彼得姥爷'],,
"{'type': 'datetimerange', 'end_date': '2021-11-11', 'end_time': '02:00', 'time_zone': 'Australia/Sydney', 'start_date': '2021-10-05', 'start_time': '11:34'}","['https://t.bilibili.com/591730512097095673?tab=2', [['a', 'https://t.bilibili.com/591730512097095673?tab=2']]]",['熊卡 - B动态 - 事发后首次更新（除律师声明）'],"['熊卡.jpeg', [['a', 'https://s3-us-west-2.amazonaws.com/secure.notion-static.com/cf3bbafe-e959-4ab6-b315-79c3200e107b/熊卡.jpeg']]]","{'type': 'datetime', 'time_zone': 'Australia/Sydney', 'start_date': '2021-11-11', 'start_time': '02:00'}",,['碳酸熊卡'],,
"{'type': 'datetimerange', 'end_date': '2021-10-09', 'end_time': '22:00', 'time_zone': 'Australia/Sydney', 'start_date': '2021-10-05', 'start_time': '11:34'}","['https://t.bilibili.com/579589099115284559', [['a', 'https://t.bilibili.com/579589099115284559']]]",['拉格朗日打欧拉（熊卡录播组）- B动态'],"['拉格朗日打欧拉-1.png', [['a', 'https://s3-us-west-2.amazonaws.com/secure.notion-static.com/c69007c0-59d1-49a5-816c-8f2b640848f2/拉格朗日打欧拉-1.png']]]","{'type': 'datetime', 'time_zone': 'Australia/Sydney', 'start_date': '2021-10-09', 'start_time': '22:00'}",['No'],['熊卡录播组'],,
"{'type': 'datetimerange', 'end_date': '2021-10-08', 'end_time': '09:00', 'time_zone': 'Australia/Sydney', 'start_date': '2021-10-05', 'start_time': '11:34'}",['N/A - 已删除'],['T2o - B动态'],"['T2o-1.jpg', [['a', 'https://s3-us-west-2.amazonaws.com/secure.notion-static.com/84c9cf99-567d-4ebc-a59e-8a3a55519de4/T2o-1.jpg']]]","{'type': 'datetime', 'time_zone': 'Australia/Sydney', 'start_date': '2021-10-08', 'start_time': '09:00'}",,['T2o'],,
"{'type': 'datetimerange', 'end_date': '2021-10-07', 'end_time': '01:00', 'time_zone': 'Australia/Sydney', 'start_date': '2021-10-05', 'start_time': '11:34'}",['N/A - 已删除'],['一只小仙若 - 微博'],"['8D51558F-704F-4559-AD6B-B2064EF42A44.png', [['a', 'https://s3-us-west-2.amazonaws.com/secure.notion-static.com/019bd2af-147c-4891-936e-175655ef6b2f/8D51558F-704F-4559-AD6B-B2064EF42A44.png']]]","{'type': 'datetime', 'time_zone': 'Australia/Sydney', 'start_date': '2021-10-07', 'start_time': '01:00'}",,['小仙若'],,
"{'type': 'datetimerange', 'end_date': '2021-10-06', 'end_time': '16:51', 'time_zone': 'Australia/Sydney', 'start_date': '2021-10-05', 'start_time': '11:34'}","['https://t.bilibili.com/291626621544864670?tab=2', [['a', 'https://t.bilibili.com/291626621544864670?tab=2']]]",['逗川 - 评论'],"['DAB47D2E-55B9-470A-8D10-F2182B743A22.jpeg', [['a', 'https://s3-us-west-2.amazonaws.com/secure.notion-static.com/776f5333-473b-432f-bb0c-17c79fa96aea/DAB47D2E-55B9-470A-8D10-F2182B743A22.jpeg']]]","{'type': 'datetime', 'time_zone': 'Australia/Sydney', 'start_date': '2021-10-06', 'start_time': '16:51'}",,['逗川'],,
"{'type': 'datetimerange', 'end_date': '2021-11-03', 'end_time': '14:25', 'time_zone': 'Australia/Sydney', 'start_date': '2021-10-05', 'start_time': '11:34'}","['https://www.bilibili.com/video/BV1r34y1o74R?share_source=copy_web', [['a', 'https://www.bilibili.com/video/BV1r34y1o74R']]]",['桌老师 - 更新桌游随便玩'],"['桌游.png', [['a', 'https://s3-us-west-2.amazonaws.com/secure.notion-static.com/189c8121-3b2c-4100-8c36-3f985e020fcf/桌游.png']]]","{'type': 'datetime', 'time_zone': 'Australia/Sydney', 'start_date': '2021-11-03', 'start_time': '12:25'}",['Yes'],['狮子'],,
"{'type': 'datetimerange', 'end_date': '2021-10-10', 'end_time': '20:38', 'time_zone': 'Australia/Sydney', 'start_date': '2021-10-05', 'start_time': '11:34'}",['N/A - 已删除'],['小唯萌主 - 微博'],"['小唯-微博.png', [['a', 'https://s3-us-west-2.amazonaws.com/secure.notion-static.com/531a1b00-649e-45c2-817c-a08057f1d789/小唯-微博.png']]]","{'type': 'datetime', 'time_zone': 'Australia/Sydney', 'start_date': '2021-10-10', 'start_time': '20:38'}",,['小唯'],,
"{'type': 'datetimerange', 'end_date': '2021-10-29', 'end_time': '13:50', 'time_zone': 'Australia/Sydney', 'start_date': '2021-10-05', 'start_time': '11:34'}",['N/A - QQ群'],['狮子 - QQ 群 - 会更新视频'],"['129326A7-CEFA-4A88-A0AC-F5577C0FE3D9.jpeg', [['a', 'https://s3-us-west-2.amazonaws.com/secure.notion-static.com/3a8ecab1-fcf1-4466-bb76-29b78024850d/129326A7-CEFA-4A88-A0AC-F5577C0FE3D9.jpeg']]]","{'type': 'datetime', 'time_zone': 'Australia/Sydney', 'start_date': '2021-10-29', 'start_time': '13:50'}",['Yes'],['狮子'],,
"{'type': 'datetimerange', 'end_date': '2021-10-10', 'end_time': '02:56', 'time_zone': 'Australia/Sydney', 'start_date': '2021-10-05', 'start_time': '11:34'}",['N/A - QQ群'],['曲一畅 - QQ群 - 无“同伙”'],"['3166CF1B-D8EF-41D8-B8B6-C016D45D0C31.jpeg', [['a', 'https://s3-us-west-2.amazonaws.com/secure.notion-static.com/a367afe4-d7d9-42ee-8d40-097811f000c9/3166CF1B-D8EF-41D8-B8B6-C016D45D0C31.jpeg']]]","{'type': 'datetime', 'time_zone': 'Australia/Sydney', 'start_date': '2021-10-10', 'start_time': '02:56'}",['Yes'],['曲一畅'],,
"{'type': 'datetimerange', 'end_date': '2021-10-08', 'end_time': '04:30', 'time_zone': 'Australia/Sydney', 'start_date': '2021-10-05', 'start_time': '11:34'}","['https://b23.tv/U4zqkI', [['a', 'https://b23.tv/U4zqkI']]]",['曲一畅 - 道歉信 - B动态'],"['小曲-2.jpg', [['a', 'https://s3-us-west-2.amazonaws.com/secure.notion-static.com/65f9a2f6-b9b0-400d-94e9-7a78d3965b4d/小曲-2.jpg']]]","{'type': 'datetime', 'time_zone': 'Australia/Sydney', 'start_date': '2021-10-08', 'start_time': '04:30'}",['Yes'],['曲一畅'],['9'],
"{'type': 'datetimerange', 'end_date': '2021-10-07', 'end_time': '18:16', 'time_zone': 'Australia/Sydney', 'start_date': '2021-10-05', 'start_time': '11:34'}",['N/A - 不详 '],['李彧 - 微博 - 评论'],"['李彧-2.jpg', [['a', 'https://s3-us-west-2.amazonaws.com/secure.notion-static.com/8ac6c9ff-676a-4caf-86f5-185d12c5903a/李彧-2.jpg']]]","{'type': 'datetime', 'time_zone': 'Australia/Sydney', 'start_date': '2021-10-07', 'start_time': '18:16'}",['Yes'],['李彧'],['8'],
"{'type': 'datetimerange', 'end_date': '2021-10-07', 'end_time': '12:30', 'time_zone': 'Australia/Sydney', 'start_date': '2021-10-05', 'start_time': '11:34'}",['h'],['Hank - 直播'],,"{'type': 'datetime', 'time_zone': 'Australia/Sydney', 'start_date': '2021-10-07', 'start_time': '12:30'}",,['Hank'],['6'],
"{'type': 'datetimerange', 'end_date': '2021-10-06', 'end_time': '17:10', 'time_zone': 'Australia/Sydney', 'start_date': '2021-10-05', 'start_time': '11:34'}",['N/A - 已删除'],['小李minchan - B动态'],"['7D7DDEA8-8DA7-4302-B356-CA9CF9605DF7.jpeg', [['a', 'https://s3-us-west-2.amazonaws.com/secure.notion-static.com/f3d24887-b62a-4a6c-99cf-c3640f17f640/7D7DDEA8-8DA7-4302-B356-CA9CF9605DF7.jpeg']]]","{'type': 'datetime', 'time_zone': 'Australia/Sydney', 'start_date': '2021-10-06', 'start_time': '17:10'}",['Yes'],['小李'],['5'],
"{'type': 'datetimerange', 'end_date': '2021-10-28', 'end_time': '13:00', 'time_zone': 'Australia/Sydney', 'start_date': '2021-10-05', 'start_time': '11:34'}",['N/A - QQ群'],['熊卡 - QQ群 - 暂无直播'],"['B85FEDA8-6068-4288-A77D-FECD6466728E.jpeg', [['a', 'https://s3-us-west-2.amazonaws.com/secure.notion-static.com/c2e708e4-b238-4d8c-9b9d-635f18996e72/B85FEDA8-6068-4288-A77D-FECD6466728E.jpeg']]]","{'type': 'datetime', 'time_zone': 'Australia/Sydney', 'start_date': '2021-10-28', 'start_time': '13:00'}",,['碳酸熊卡'],,
"{'type': 'datetimerange', 'end_date': '2021-10-10', 'end_time': '22:00', 'time_zone': 'Australia/Sydney', 'start_date': '2021-10-05', 'start_time': '11:34'}","['https://t.bilibili.com/579928590512039197?tab=2&spm_id_from=333.999.0.0', [['a', 'https://t.bilibili.com/579928590512039197?tab=2&spm_id_from=333.999.0.0']]]",['熊卡 - B转发时间线'],"['熊卡B转发.png', [['a', 'https://s3-us-west-2.amazonaws.com/secure.notion-static.com/2d4468f7-9bcc-407b-b83d-cad50dd916f6/熊卡B转发.png']]]","{'type': 'datetime', 'time_zone': 'Australia/Sydney', 'start_date': '2021-10-10', 'start_time': '22:00'}",,['碳酸熊卡'],,
"{'type': 'datetimerange', 'end_date': '2021-10-23', 'end_time': '23:00', 'time_zone': 'Australia/Sydney', 'start_date': '2021-10-05', 'start_time': '11:34'}",['N/A - QQ群'],['熊卡 - QQ群'],"['5F517FCE-C628-424E-BB8F-D217273F163A.jpeg', [['a', 'https://s3-us-west-2.amazonaws.com/secure.notion-static.com/ee6a410d-43ea-4e2e-8c87-0391d20db512/5F517FCE-C628-424E-BB8F-D217273F163A.jpeg']]]","{'type': 'datetime', 'time_zone': 'Australia/Sydney', 'start_date': '2021-10-23', 'start_time': '23:00'}",,['碳酸熊卡'],,
"{'type': 'datetimerange', 'end_date': '2021-10-13', 'end_time': '20:12', 'time_zone': 'Australia/Sydney', 'start_date': '2021-10-05', 'start_time': '11:34'}",['同下'],['逻格斯律师 - 微博 - 修改微博'],"['13-10修改比较.png', [['a', 'https://s3-us-west-2.amazonaws.com/secure.notion-static.com/776107b7-3575-4cb8-b2b2-a5eb7a75d872/13-10修改比较.png']]]","{'type': 'datetime', 'time_zone': 'Australia/Sydney', 'start_date': '2021-10-13', 'start_time': '20:12'}",,['熊卡代理律师'],,
"{'type': 'datetimerange', 'end_date': '2021-10-09', 'end_time': '23:59', 'time_zone': 'Australia/Sydney', 'start_date': '2021-10-05', 'start_time': '11:34'}",['N/A - QQ群'],['秋雾雾 - QQ群 - 有“同伙”'],"['q55-1.jpeg', [['a', 'https://s3-us-west-2.amazonaws.com/secure.notion-static.com/866d928d-b562-49bb-aa7b-fed754ec8b07/q55-1.jpeg']]]","{'type': 'datetime', 'time_zone': 'Australia/Sydney', 'start_date': '2021-10-09', 'start_time': '23:59'}",['Yes'],['Q55'],,
"{'type': 'datetimerange', 'end_date': '2021-10-23', 'end_time': '20:00', 'time_zone': 'Australia/Sydney', 'start_date': '2021-10-05', 'start_time': '11:34'}",['N/A - QQ群'],['狮子 - QQ群 - 不会退网'],"['E277FCDB-5508-48CA-A287-BE5E92D2D8F6.jpeg', [['a', 'https://s3-us-west-2.amazonaws.com/secure.notion-static.com/9ffbe701-607f-41be-bbc5-e0d395c84b35/E277FCDB-5508-48CA-A287-BE5E92D2D8F6.jpeg']]]","{'type': 'datetime', 'time_zone': 'Australia/Sydney', 'start_date': '2021-10-23', 'start_time': '20:00'}",['Yes'],['狮子'],,
"{'type': 'datetimerange', 'end_date': '2021-10-09', 'end_time': '17:57', 'time_zone': 'Australia/Sydney', 'start_date': '2021-10-05', 'start_time': '11:34'}","['https://t.bilibili.com/579541016954940550?tab=2&spm_id_from=333.999.0.0', [['a', 'https://t.bilibili.com/579541016954940550?tab=2&spm_id_from=333.999.0.0']]]",['逻格斯律师 - B动态'],"['熊卡律师-1.png', [['a', 'https://s3-us-west-2.amazonaws.com/secure.notion-static.com/47265d9b-720e-4e54-9382-8b760e62a3ba/熊卡律师-1.png']]]","{'type': 'datetime', 'time_zone': 'Australia/Sydney', 'start_date': '2021-10-09', 'start_time': '17:57'}",['Yes'],['熊卡代理律师'],,
"{'type': 'datetimerange', 'end_date': '2021-10-08', 'end_time': '00:06', 'time_zone': 'Australia/Sydney', 'start_date': '2021-10-05', 'start_time': '11:34'}","['https://weibo.com/1862792321/KBGwTw2VJ?from=page_1005051862792321_profile&wvr=6&mod=weibotime&type=comment', [['a', 'https://weibo.com/1862792321/KBGwTw2VJ?from=page_1005051862792321_profile&wvr=6&mod=weibotime&type=comment']]]",['逻格斯律师 - 微博'],"['熊卡律师微博-1.png', [['a', 'https://s3-us-west-2.amazonaws.com/secure.notion-static.com/72035b03-6fb6-411f-a111-c0359c4ff403/熊卡律师微博-1.png']]]","{'type': 'datetime', 'time_zone': 'Australia/Sydney', 'start_date': '2021-10-08', 'start_time': '00:06'}",['Yes'],['熊卡代理律师'],,
"{'type': 'datetimerange', 'end_date': '2021-10-23', 'end_time': '16:00', 'time_zone': 'Australia/Sydney', 'start_date': '2021-10-05', 'start_time': '11:34'}",['N/A - 线下'],['狮子熊卡 - 逛展'],"['CD52029B-F144-489A-A22E-0F52CD938D44.jpeg', [['a', 'https://s3-us-west-2.amazonaws.com/secure.notion-static.com/9a5a8093-a8bf-422e-b8e8-2709e4184b6e/CD52029B-F144-489A-A22E-0F52CD938D44.jpeg']]]","{'type': 'datetime', 'time_zone': 'Australia/Sydney', 'start_date': '2021-10-23', 'start_time': '16:00'}",['Yes'],['狮子'],,['No']
"{'type': 'datetimerange', 'end_date': '2021-10-09', 'end_time': '18:00', 'time_zone': 'Australia/Sydney', 'start_date': '2021-10-05', 'start_time': '11:34'}","['https://t.bilibili.com/579550676337528756?tab=2', [['a', 'https://t.bilibili.com/579550676337528756?tab=2']]]",['仙女卡的时光机（熊卡录播组）- B动态'],"['仙女卡的时光机-1.png', [['a', 'https://s3-us-west-2.amazonaws.com/secure.notion-static.com/5edf800c-df6d-45bf-a95b-2204882d11e7/仙女卡的时光机-1.png']]]","{'type': 'datetime', 'time_zone': 'Australia/Sydney', 'start_date': '2021-10-09', 'start_time': '18:00'}",,['熊卡录播组'],,
"{'type': 'datetimerange', 'end_date': '2021-10-08', 'end_time': '03:35', 'time_zone': 'Australia/Sydney', 'start_date': '2021-10-05', 'start_time': '11:34'}","['https://weibo.com/1862792321/KBHTLyWka?from=page_1005051862792321_profile&wvr=6&mod=weibotime&type=comment', [['a', 'https://weibo.com/1862792321/KBHTLyWka?from=page_1005051862792321_profile&wvr=6&mod=weibotime&type=comment']]]",['逻格斯律师 - 微博'],"['熊卡律师微博-2.png', [['a', 'https://s3-us-west-2.amazonaws.com/secure.notion-static.com/2351907a-d61e-4569-8644-9fccf0e750b1/熊卡律师微博-2.png']]]","{'type': 'datetime', 'time_zone': 'Australia/Sydney', 'start_date': '2021-10-08', 'start_time': '03:35'}",['Yes'],['熊卡代理律师'],,
"{'type': 'datetimerange', 'end_date': '2021-10-25', 'end_time': '06:01', 'time_zone': 'Australia/Sydney', 'start_date': '2021-10-05', 'start_time': '11:34'}","['https://weibo.com/2187956983/KDdX4jW5j', [['a', 'https://weibo.com/2187956983/KDdX4jW5j']]]",['痒局长 - 微博 - 换头像原因'],"['痒局长weibo.png', [['a', 'https://s3-us-west-2.amazonaws.com/secure.notion-static.com/59177023-39c2-4850-a2aa-74e4ad96e170/痒局长weibo.png']]]","{'type': 'datetime', 'time_zone': 'Australia/Sydney', 'start_date': '2021-10-18', 'start_time': '06:01'}",,['痒局长'],,
"{'type': 'datetimerange', 'end_date': '2021-10-09', 'end_time': '21:31', 'time_zone': 'Australia/Sydney', 'start_date': '2021-10-05', 'start_time': '11:34'}",['N/A - QQ群'],['小陈 - QQ群 - 桌游节目暂停'],"['小陈-狮子群.png', [['a', 'https://s3-us-west-2.amazonaws.com/secure.notion-static.com/5438bdf4-0fb2-477f-abff-1b5f3b9f046b/小陈-狮子群.png']]]","{'type': 'datetime', 'time_zone': 'Australia/Sydney', 'start_date': '2021-10-09', 'start_time': '21:31'}",['Yes'],['小陈'],,
"{'type': 'datetimerange', 'end_date': '2021-10-08', 'end_time': '03:59', 'time_zone': 'Australia/Sydney', 'start_date': '2021-10-05', 'start_time': '11:34'}","['https://t.bilibili.com/578908149223768780?tab=2&spm_id_from=333.999.0.0', [['a', 'https://t.bilibili.com/578908149223768780?tab=2&spm_id_from=333.999.0.0']]]",['小唯萌主 - B动态'],"['小唯-废话.png', [['a', 'https://s3-us-west-2.amazonaws.com/secure.notion-static.com/9378c1b9-d2d1-4385-8040-54c6d746e335/小唯-废话.png']]]","{'type': 'datetime', 'time_zone': 'Australia/Sydney', 'start_date': '2021-10-08', 'start_time': '03:59'}",,['小唯'],,
"{'type': 'datetimerange', 'end_date': '2021-10-15', 'end_time': '21:00', 'time_zone': 'Australia/Sydney', 'start_date': '2021-10-05', 'start_time': '11:34'}","['https://space.bilibili.com/322892/', [['a', 'https://space.bilibili.com/322892/']]]",['痒局长 - 换掉四欠头像 - 约在15日晚间'],"['痒局长.png', [['a', 'https://s3-us-west-2.amazonaws.com/secure.notion-static.com/239de841-8468-47e9-bdad-4384ecc9b6b4/痒局长.png']]]","{'type': 'datetime', 'time_zone': 'Australia/Sydney', 'start_date': '2021-10-15', 'start_time': '21:00'}",,['痒局长'],,
"{'type': 'datetimerange', 'end_date': '2021-10-10', 'end_time': '03:51', 'time_zone': 'Australia/Sydney', 'start_date': '2021-10-05', 'start_time': '11:34'}","['https://t.bilibili.com/579173238903431888?tab=2', [['a', 'https://t.bilibili.com/579173238903431888?tab=2']]]",['Peter - B评论'],"['Peter-评论.png', [['a', 'https://s3-us-west-2.amazonaws.com/secure.notion-static.com/fc845fce-3285-4d72-871f-baca86ceca15/Peter-评论.png']]]","{'type': 'datetime', 'time_zone': 'Australia/Sydney', 'start_date': '2021-10-10', 'start_time': '03:51'}",['Yes'],['彼得姥爷'],,
"{'type': 'datetimerange', 'end_date': '2021-10-09', 'end_time': '22:43', 'time_zone': 'Australia/Sydney', 'start_date': '2021-10-05', 'start_time': '11:34'}","['https://www.bilibili.com/video/BV18q4y1V7rm', [['a', 'https://www.bilibili.com/video/BV18q4y1V7rm']]]",['Hank - 直播 - 2'],,"{'type': 'datetime', 'time_zone': 'Australia/Sydney', 'start_date': '2021-10-09', 'start_time': '22:43'}",,['Hank'],,
"{'type': 'datetimerange', 'end_date': '2021-10-11', 'end_time': '14:57', 'time_zone': 'Australia/Sydney', 'start_date': '2021-10-05', 'start_time': '11:34'}","['https://weibo.com/1862792321/KCeDUAODZ?from=page_1005051862792321_profile&wvr=6&mod=weibotime&type=comment#_rnd1633942233410', [['a', 'https://weibo.com/1862792321/KCeDUAODZ?from=page_1005051862792321_profile&wvr=6&mod=weibotime&type=comment#_rnd1633942233410']]]",['逻格斯律师 - 微博'],"['38C11A42-AB19-465B-982B-750752AF2312.png', [['a', 'https://s3-us-west-2.amazonaws.com/secure.notion-static.com/ed91a834-f8f6-4c84-9865-cc333e77fee5/38C11A42-AB19-465B-982B-750752AF2312.png']]]","{'type': 'datetime', 'time_zone': 'Australia/Sydney', 'start_date': '2021-10-11', 'start_time': '14:57'}",['Yes'],['熊卡代理律师'],,
"{'type': 'datetimerange', 'end_date': '2021-10-08', 'end_time': '20:34', 'time_zone': 'Australia/Sydney', 'start_date': '2021-10-05', 'start_time': '11:34'}","['https://weibo.com/ttarticle/x/m/show/id/2309404690079892243379?_wb_client_=1', [['a', 'https://weibo.com/ttarticle/x/m/show/id/2309404690079892243379?_wb_client_=1']]]",['Peter - 微博/B动态'],"['Peter-1.jpg', [['a', 'https://s3-us-west-2.amazonaws.com/secure.notion-static.com/b9f6a598-6705-4dd4-bf46-29f1c1f3357d/Peter-1.jpg']]]","{'type': 'datetime', 'time_zone': 'Australia/Sydney', 'start_date': '2021-10-08', 'start_time': '20:34'}",['Yes'],['彼得姥爷'],,
"{'type': 'datetimerange', 'end_date': '2021-10-08', 'end_time': '05:54', 'time_zone': 'Australia/Sydney', 'start_date': '2021-10-05', 'start_time': '11:34'}","['https://weibo.com/1862792321/KBIO5cGPs?from=page_1005051862792321_profile&wvr=6&mod=weibotime&type=comment', [['a', 'https://weibo.com/1862792321/KBIO5cGPs?from=page_1005051862792321_profile&wvr=6&mod=weibotime&type=comment']]]",['逻格斯律师 - 微博'],"['熊卡律师微博-3.png', [['a', 'https://s3-us-west-2.amazonaws.com/secure.notion-static.com/387a2b9c-892a-402d-978e-197ca622e441/熊卡律师微博-3.png']]]","{'type': 'datetime', 'time_zone': 'Australia/Sydney', 'start_date': '2021-10-08', 'start_time': '05:54'}",['Yes'],['熊卡代理律师'],,
"{'type': 'datetimerange', 'end_date': '2021-10-06', 'end_time': '21:49', 'time_zone': 'Australia/Sydney', 'start_date': '2021-10-05', 'start_time': '11:34'}","['https://t.bilibili.com/578482599571833769?tab=2&spm_id_from=333.999.0.0', [['a', 'https://t.bilibili.com/578482599571833769?tab=2&spm_id_from=333.999.0.0']]]",['伊闪闪（梗百科配音） - B评论'],"['伊闪闪.png', [['a', 'https://s3-us-west-2.amazonaws.com/secure.notion-static.com/e7cd36e5-5440-47b4-bd50-272cb7d7d8a4/伊闪闪.png']]]","{'type': 'datetime', 'time_zone': 'Australia/Sydney', 'start_date': '2021-10-06', 'start_time': '21:49'}",['Yes'],['梗百科'],,
"{'type': 'datetimerange', 'end_date': '2021-10-06', 'end_time': '18:00', 'time_zone': 'Australia/Sydney', 'start_date': '2021-10-05', 'start_time': '11:34'}",['N/A - 不详'],['醋醋cucu - B评论'],"['37A1D941-DA6E-4258-B542-5EF080886B29.jpeg', [['a', 'https://s3-us-west-2.amazonaws.com/secure.notion-static.com/2eaeb674-9c9d-410e-9320-cfff2650c956/37A1D941-DA6E-4258-B542-5EF080886B29.jpeg']]]","{'type': 'datetime', 'time_zone': 'Australia/Sydney', 'start_date': '2021-10-06', 'start_time': '18:00'}",,['醋醋'],,
"{'type': 'datetimerange', 'end_date': '2021-10-10', 'end_time': '20:00', 'time_zone': 'Australia/Sydney', 'start_date': '2021-10-05', 'start_time': '11:34'}",['N/A - 本条评论已删除 '],['小唯萌主 - B评论'],"['小唯-评论.jpeg', [['a', 'https://s3-us-west-2.amazonaws.com/secure.notion-static.com/478f2006-8156-48d2-9b44-60e321528913/小唯-评论.jpeg']]]","{'type': 'datetime', 'time_zone': 'Australia/Sydney', 'start_date': '2021-10-10', 'start_time': '20:00'}",,['小唯'],,
"{'type': 'datetimerange', 'end_date': '2021-10-09', 'end_time': '11:45', 'time_zone': 'Australia/Sydney', 'start_date': '2021-10-05', 'start_time': '11:34'}",['N/A - QQ群'],['曲一畅 - QQ'],"['小曲- QQ-2.png', [['a', 'https://s3-us-west-2.amazonaws.com/secure.notion-static.com/297fe7b5-1ce0-42a7-96ec-c317a9e95c1d/小曲-_QQ-2.png']]]","{'type': 'datetime', 'time_zone': 'Australia/Sydney', 'start_date': '2021-10-09', 'start_time': '11:45'}",['Yes'],['曲一畅'],,
"{'type': 'datetimerange', 'end_date': '2021-10-09', 'end_time': '09:00', 'time_zone': 'Australia/Sydney', 'start_date': '2021-10-05', 'start_time': '11:34'}","['https://t.bilibili.com/579403285945948990?tab=2&spm_id_from=333.999.0.0', [['a', 'https://t.bilibili.com/579403285945948990?tab=2&spm_id_from=333.999.0.0']]]",['熊卡录播bot （熊卡录播组）- B动态'],"['熊卡录播bot.png', [['a', 'https://s3-us-west-2.amazonaws.com/secure.notion-static.com/b02920e3-c429-4048-a824-7efd9a146430/熊卡录播bot.png']]]","{'type': 'datetime', 'time_zone': 'Australia/Sydney', 'start_date': '2021-10-09', 'start_time': '09:00'}",,['熊卡录播组'],,
"{'type': 'datetimerange', 'end_date': '2021-10-10', 'end_time': '19:00', 'time_zone': 'Australia/Sydney', 'start_date': '2021-10-05', 'start_time': '11:34'}","['https://t.bilibili.com/579928380057591231?tab=2', [['a', 'https://t.bilibili.com/579928380057591231?tab=2']]]",['狮子 - B转发时间线'],"['狮子- B转发.png', [['a', 'https://s3-us-west-2.amazonaws.com/secure.notion-static.com/05d6b27b-4c7e-4b9e-beec-057743afc3e4/狮子-_B转发.png']]]","{'type': 'datetime', 'time_zone': 'Australia/Sydney', 'start_date': '2021-10-10', 'start_time': '19:00'}",['Yes'],['狮子'],,
"{'type': 'datetimerange', 'end_date': '2021-10-09', 'end_time': '17:50', 'time_zone': 'Australia/Sydney', 'start_date': '2021-10-05', 'start_time': '11:34'}","['https://t.bilibili.com/579539801474989310?tab=2&spm_id_from=333.999.0.0', [['a', 'https://t.bilibili.com/579539801474989310?tab=2&spm_id_from=333.999.0.0']]]",['碳酸熊卡 - B动态'],"['熊卡-1.png', [['a', 'https://s3-us-west-2.amazonaws.com/secure.notion-static.com/6da88950-c1b8-4266-bd99-36d923a0f7ee/熊卡-1.png']]]","{'type': 'datetime', 'time_zone': 'Australia/Sydney', 'start_date': '2021-10-09', 'start_time': '17:50'}",['Yes'],['碳酸熊卡'],,
"{'type': 'datetimerange', 'end_date': '2021-10-10', 'end_time': '00:36', 'time_zone': 'Australia/Sydney', 'start_date': '2021-10-05', 'start_time': '11:34'}","['https://weibo.com/1194664991/KBZzVBD6C?type=comment', [['a', 'https://weibo.com/1194664991/KBZzVBD6C?type=comment']]]",['水王-微博'],"['水王-weibo.png', [['a', 'https://s3-us-west-2.amazonaws.com/secure.notion-static.com/d0c83a74-4692-4bb3-aca6-7077dc866ba7/水王-weibo.png']]]","{'type': 'datetime', 'time_zone': 'Australia/Sydney', 'start_date': '2021-10-10', 'start_time': '00:36'}",['Yes'],['水王'],,
"{'type': 'datetimerange', 'end_date': '2021-10-06', 'end_time': '17:27', 'time_zone': 'Australia/Sydney', 'start_date': '2021-10-05', 'start_time': '11:34'}","['https://t.bilibili.com/578339980885654800', [['a', 'https://t.bilibili.com/578339980885654800']]]",['吱毛（梗百科配音） - B评论'],"['梗百科-吱毛.png', [['a', 'https://s3-us-west-2.amazonaws.com/secure.notion-static.com/422b056a-ad97-445b-adad-d181d6b5365b/梗百科-吱毛.png']]]","{'type': 'datetime', 'time_zone': 'Australia/Sydney', 'start_date': '2021-10-06', 'start_time': '17:27'}",['Yes'],['梗百科'],,
"{'type': 'datetimerange', 'end_date': '2021-10-09', 'end_time': '17:54', 'time_zone': 'Australia/Sydney', 'start_date': '2021-10-05', 'start_time': '11:34'}","['https://t.bilibili.com/579540407073772668?tab=2&spm_id_from=333.999.0.0', [['a', 'https://t.bilibili.com/579540407073772668?tab=2&spm_id_from=333.999.0.0']]]",['狮子 - B动态 - 转发熊卡'],"['狮子转发熊卡.png', [['a', 'https://s3-us-west-2.amazonaws.com/secure.notion-static.com/33526052-4dbd-43ad-8f14-172aa0968f6f/狮子转发熊卡.png']]]","{'type': 'datetime', 'time_zone': 'Australia/Sydney', 'start_date': '2021-10-09', 'start_time': '17:54'}",['Yes'],['狮子'],,
"{'type': 'datetimerange', 'end_date': '2021-10-07', 'end_time': '17:13', 'time_zone': 'Australia/Sydney', 'start_date': '2021-10-05', 'start_time': '11:34'}",['N/A - 已删除'],['李彧 - 微博'],"['李彧-1.jpg', [['a', 'https://s3-us-west-2.amazonaws.com/secure.notion-static.com/70d93545-1264-4c54-9f5c-42a92cbbe0c1/李彧-1.jpg']]]","{'type': 'datetime', 'time_zone': 'Australia/Sydney', 'start_date': '2021-10-07', 'start_time': '17:13'}",['Yes'],['李彧'],['7'],
"{'type': 'datetimerange', 'end_date': '2021-10-07', 'end_time': '09:38', 'time_zone': 'Australia/Sydney', 'start_date': '2021-10-05', 'start_time': '11:34'}",['N/A - 已删除'],['曲一畅 - 回应狮子 - B动态'],"['828D5566-A960-4ED5-B2A3-76743B95E834.jpeg', [['a', 'https://s3-us-west-2.amazonaws.com/secure.notion-static.com/2dd26987-af4b-4c3e-98fc-f526e0a2288b/828D5566-A960-4ED5-B2A3-76743B95E834.jpeg']]]","{'type': 'datetime', 'time_zone': 'Australia/Sydney', 'start_date': '2021-10-07', 'start_time': '09:00'}",['Yes'],['曲一畅'],,
